model,n_forecasts,mae,rmse,bias,mape
British Red Cross simulation,12,439.66666666666663,655.9942835116782,-254.5,15.900902626968183
Gemini Pro 3,12,994.5706152940037,1150.363474693871,891.7514050194711,56.714965955846395
Claude Sonnet 4.5,12,1017.1666666666666,1106.4108640102916,952.8333333333334,53.12412169441422
